,data[0],data[1],assignments
0,0.18581915077326439,-1.5570897996210071,3.0
1,7.160694168586204,-8.985758567972303,1.0
2,5.0117609311086,-8.187480455816104,1.0
3,5.581619412555334,-9.707083184065878,1.0
4,0.6958367130151114,-1.0246479609207202,3.0
5,10.324690671319072,-1.1854574717673234,0.0
6,7.587652523715128,-9.666881487507558,1.0
7,6.062032836933828,-3.1838564651512873,0.0
8,7.185818420524495,-8.91515642943834,1.0
9,-7.370523239566954,3.535084878408893,2.0
10,5.756286174803582,-9.446023904139688,1.0
11,1.2456999598778675,-2.2541460619600104,3.0
12,-7.503977972910656,1.0831909986375976,2.0
13,7.968331195487529,-3.2312526460729396,0.0
14,-7.56777165564353,2.211658514604441,2.0
15,6.3092131765908075,-8.631207341819115,1.0
16,0.07496038649913306,-0.4883063797548761,3.0
17,0.823933535836036,-2.5756068519664117,3.0
18,0.86600582954928,-1.3217690921183056,3.0
19,-8.637963215722667,1.9494933856722245,2.0
20,0.5539898084799731,-1.173018046297447,3.0
21,8.097181261451542,-3.8196674713994114,0.0
22,7.294755477445388,-3.4567797813909005,0.0
23,-7.665936665912237,2.4294172347802085,2.0
24,9.326220422040462,-1.6108875430460434,0.0
25,6.7147021855427464,-2.5324329002844466,0.0
26,-9.182206915235676,1.2048296661558762,2.0
27,-8.54822507970305,1.4087990931190708,2.0
28,-8.275150134253344,0.7045321261199688,2.0
29,8.32954041257446,-1.6834738529248157,0.0
30,8.38627550188041,-2.627039762976787,0.0
31,7.887811457550858,-3.6579030998438675,0.0
32,8.347484394201537,-4.805934077635718,0.0
33,5.510231810625846,-8.958740232939993,1.0
34,7.578602417976413,-4.786854075192948,0.0
35,1.2685983038276938,-2.1390200491111977,3.0
36,-8.45186093712971,2.4402530438242227,2.0
37,8.473978713389894,-9.969277174949656,1.0
38,-0.033505562257146626,-1.129059641258509,3.0
39,6.47414562169764,-9.122109017969281,1.0
40,7.230401825362678,-3.083606733018981,0.0
41,5.627645568809982,-9.30179774561126,1.0
42,-0.008887449598053987,-0.09787723991242392,3.0
43,-6.975412761086166,1.6739607073835534,2.0
44,7.6812154562454085,-7.2221219088762005,1.0
45,-7.320067751810386,1.380914728165815,2.0
46,-0.35358773287262557,-1.3846258359164818,3.0
47,5.750420165022052,-7.702337022190296,1.0
48,10.103220213402826,-3.298786019454774,0.0
49,3.986890679688833,-0.520329892552917,3.0
50,7.7733704104654615,-2.6472899559242373,0.0
51,-6.414855591723731,1.7434796627795113,2.0
52,-7.055640839699627,1.9475061967485967,2.0
53,9.989041041010195,-4.731963295430317,0.0
54,1.7054067167973812,-1.5493156202361626,3.0
55,-0.20128159228836573,-1.5623202360230928,3.0
56,1.4397215292659773,-0.7093394334106243,3.0
57,6.278955927745192,-8.131040825537298,1.0
58,1.8807226225596632,-1.79615465191493,3.0
59,-8.412123004213557,3.287113048105427,2.0
60,-7.697979477618523,1.6184478356391103,2.0
61,-0.5306747255333133,-1.8148706056216042,3.0
62,7.718107994970623,-9.076135941922766,1.0
63,8.40529737329454,-4.15226034766014,0.0
64,-8.029267246107628,0.6919919011496196,2.0
65,5.1277110782013775,-8.895701539294565,1.0
66,-8.709461864429331,4.782776568583143,2.0
67,1.3168005281620592,-1.1171387424664954,3.0
68,7.918226799428915,-3.3813929286259534,0.0
69,-8.415518541238997,1.5974870365373104,2.0
70,6.411443505737313,-8.82154790616225,1.0
71,-0.34798600966104953,-1.4806374709390555,3.0
72,6.8903214207853525,-8.77183171586735,1.0
73,-8.996852978113893,1.7338340065056186,2.0
74,0.3894475168764292,-1.801937579217973,3.0
75,-9.390278526194692,1.9275455936584112,2.0
76,5.77681784666799,-3.8154930837349696,0.0
77,0.9525198483956236,-2.2996180058360056,3.0
78,-7.105809290125779,1.3109429975220834,2.0
79,-7.538294739524933,1.9408940922575844,2.0
80,-6.079080463546016,1.3779993760880185,2.0
81,5.918920436923292,-8.593432437366154,1.0
82,-8.293002059512496,0.9321078091684911,2.0
83,6.198077936424219,-10.478475839802526,1.0
84,6.606750867051835,-9.88580013440296,1.0
85,2.549795025494412,-2.2697125475985658,3.0
86,6.885879686563438,-1.4635317096414946,0.0
87,0.7018963747198681,-3.4632405763161227,3.0
88,7.837621690534678,-1.6975610416783944,0.0
89,7.862181787037839,-2.532082670262639,0.0
90,-8.604726167041013,1.3679139081096396,2.0
91,-8.418101097070114,2.8880684102591214,2.0
92,1.9375516851873218,-2.3185352967051527,3.0
93,5.27608867498187,-10.485158619280526,1.0
94,6.635376913168336,-9.826730754924109,1.0
95,0.0677747432790704,-0.3973331995889644,3.0
96,8.119191151882477,-3.044831664230445,0.0
97,2.8374348662849,-3.441893334571169,3.0
98,0.3619578274376115,-2.641909739300506,3.0
99,6.26720516850066,-9.88998403516953,1.0
100,-7.703061855851841,2.691729683959801,2.0
101,-7.507687366781352,-0.16806710966873073,2.0
102,6.669501155581259,-4.235452828427646,0.0
103,-6.929141672241229,2.177611309314478,2.0
104,-7.717452077685844,1.8926553860495905,2.0
105,6.955253654080178,-9.471621067213055,1.0
106,1.8439753322954189,-0.5646432393502114,3.0
107,0.3689407452912613,-2.787206178061557,3.0
108,-7.611875964248481,0.0022929707620693573,2.0
109,8.210733650378808,-4.00374118653699,0.0
110,7.434871783274842,-9.04290408676067,1.0
111,0.9616779135903406,-1.2718789763060863,3.0
112,9.044261216551341,-1.6695080653153864,0.0
113,5.519269396924549,-7.460308281531739,1.0
114,7.208167089434592,-9.731025085595892,1.0
115,6.16886395357415,-8.602079403283888,1.0
116,1.86512773165998,-2.300092476944061,3.0
117,7.730466650696986,-4.729016717299928,0.0
118,0.5666479144631598,-2.1363117546888577,3.0
119,7.356760014399132,-8.670111307232384,1.0
120,-8.892483388721775,2.3065255734110552,2.0
121,-9.0638800865775,2.770210339915794,2.0
122,-6.571959718778068,1.667511916363149,2.0
123,7.000246038299334,-9.80317619519635,1.0
124,9.0688489775529,-1.4592263632331548,0.0
125,6.991331222826762,-2.4733017201706193,0.0
126,-9.195417543829173,0.38455117031207786,2.0
127,-0.7395414190807323,-1.7927134176872546,3.0
128,-7.164289248846412,3.100567225005041,2.0
129,6.587261779477508,-6.974383260621657,1.0
130,3.2957955374814807,-9.419647924931212,1.0
131,7.928579567419346,-5.17878295040785,0.0
132,-8.312565840104467,2.436588433930916,2.0
133,-7.577483608690223,4.157289728352833,2.0
134,8.529107634865913,-3.538567829369223,0.0
135,0.40927485825593135,-3.09002957494864,3.0
136,8.523360952959898,-4.156652142322457,0.0
137,-1.1732463211907587,-1.6175297584529988,3.0
138,-0.1358508646157116,-2.5759736735148326,3.0
139,0.1583173082424274,-0.2852480128523729,3.0
140,9.00203626640799,-4.4387322943823815,0.0
141,-7.599078584454418,1.7039941929633833,2.0
142,-1.3822543989429037,-1.3257460381175752,3.0
143,1.5936579043017387,-2.12431910248936,3.0
144,7.44259217058101,-9.776956727106334,1.0
145,-7.211563395157947,1.6975188907951118,2.0
146,-0.40877424505173976,-2.3108683980986187,3.0
147,8.016948441975607,-3.165941689420459,0.0
148,6.326945384709365,-6.932392523432618,1.0
149,1.950407452051068,0.0625996742348871,3.0
150,-6.095602575993601,1.274797060326898,2.0
151,6.833665165840274,-10.58326753027071,1.0
152,-7.265261687233532,1.5955621285130381,2.0
153,-8.221941377986555,2.395705314018344,2.0
154,-8.75124431973165,1.6410942717700852,2.0
155,-0.036199470751924534,-1.0745193602254153,3.0
156,5.173803421770696,-10.046689889345307,1.0
157,7.55622149953358,-1.7629267622921767,0.0
158,-5.171467018682134,2.520970891723712,2.0
159,6.203027805962602,-3.6757878699772215,0.0
160,-0.9027319407676122,-1.496085301819276,3.0
161,-7.746522602483423,1.3764154650058797,2.0
162,7.729316053647017,-6.022221963008315,0.0
163,7.688799884558193,-1.9672713075399226,0.0
164,-7.435634412921844,-0.36323258211555265,2.0
165,-6.9023217020023235,2.041893033087626,2.0
166,7.17729419684424,-3.1705182575529793,0.0
167,1.2809107753151556,-0.49418433411308493,3.0
168,-7.23633298070966,1.5532990658495072,2.0
169,-7.842987983670024,1.5032094564763865,2.0
170,-7.994965466142922,2.9270423679793955,2.0
171,8.600278934985262,-3.167106052440524,0.0
172,-0.3606952333764618,-1.7117758932242992,3.0
173,5.667262594204965,-10.087688369272163,1.0
174,-1.734917234792789,-2.3381155384159547,3.0
175,0.636844667416363,-1.3341018571085426,3.0
176,7.533544058511068,-2.0943005226706566,0.0
177,-8.770212637719464,2.361116578482237,2.0
178,7.29343206322957,-4.184997266577991,0.0
179,-9.812140072996833,1.567190671159599,2.0
180,0.8456718282736688,-2.4265658980943896,3.0
181,7.4417208973308275,-0.6460241825929409,0.0
182,8.253312199931443,-4.024734623015744,0.0
183,-7.598149341995947,0.9542138091932572,2.0
184,0.16518727335781247,-2.101156784320942,3.0
185,9.257784485592076,-2.9756958494960077,0.0
186,-6.674225954703031,1.2666557628675932,2.0
187,0.7441878257426513,-2.781142042373677,3.0
188,-8.744031433887395,2.2094354691852995,2.0
189,8.385544085222726,-2.4205790963943885,0.0
190,0.6029796337222559,-1.2758208601306675,3.0
191,6.742751988261242,-7.609565518628367,1.0
192,7.436109164936473,-9.99878246957366,1.0
193,7.476354875177477,-9.416844734760225,1.0
194,6.787686576478891,-3.5633547013924187,0.0
195,5.827660982479222,-9.140703637457122,1.0
196,-7.032304396956611,0.3871092019540612,2.0
197,7.931300761334276,-1.3296435448545934,0.0
198,8.784746053844946,-1.2769534946615897,0.0
199,6.4072751011315,-6.067334683801754,0.0
200,9.255688134302874,-3.8256101500641995,0.0
201,0.25439890383904734,0.2470001358344549,3.0
202,7.434601778121703,-2.912930202165594,0.0
203,0.830271653363502,1.2299937384004838,3.0
204,6.773574503785857,-8.859954186138104,1.0
205,0.1582855550894781,-0.9770444459101378,3.0
206,7.777477379779727,-2.487738406849177,0.0
207,6.274292414029919,-8.485889643946859,1.0
208,10.196237256785352,-3.6737267587553024,0.0
209,-7.8588785594505195,1.2200545343738822,2.0
210,7.064249884144991,-10.176727751253418,1.0
211,-8.723249044802873,1.3107191703851324,2.0
212,8.943552893179985,-2.3827374895169884,0.0
213,6.752120389554238,-9.830900190598944,1.0
214,-6.7651955262493875,3.1777045452399704,2.0
215,1.8758112521396222,-4.101038219071171,3.0
216,6.669684335997013,-3.635717830361726,0.0
217,0.5533846915956357,-2.9847390042915354,3.0
218,7.1960528552287855,-4.294476846026432,0.0
219,-6.246924052710725,1.7958325793176604,2.0
220,7.5738589821425215,-9.594363077770238,1.0
221,-6.3819159277343385,1.5288386629413695,2.0
222,8.250452657880738,-2.094156244877909,0.0
223,8.954940622149499,-2.906984304974149,0.0
224,6.8658451993469996,-4.096740924287336,0.0
225,1.246066706230597,-0.1451076097427364,3.0
226,-8.276617229816594,0.28960156897283973,2.0
227,7.824313724604817,-2.713842213361417,0.0
228,6.845020234180143,-9.329208433124917,1.0
229,6.427144468244284,-9.1802682123614,1.0
230,-7.431459598320057,3.3859067467779544,2.0
231,6.371638121476804,-10.82225360444926,1.0
232,6.278476763340847,-8.376835210229656,1.0
233,0.6102804667482717,-3.048235480440244,3.0
234,-0.39401861079426803,-1.8055575597252547,3.0
235,9.027146119971155,-2.867956787864083,0.0
236,-8.238031760039751,2.568469644543259,2.0
237,-8.9532585251859,2.952722429215277,2.0
238,8.021293759818544,-1.776100714572639,0.0
239,5.904334834620803,-10.410018175440284,1.0
240,5.183297890199092,-7.676022252652296,1.0
241,8.911057362467627,-3.3436902223514817,0.0
242,0.26293824214713146,-0.2585231642290222,3.0
243,-5.999474716834721,2.1374407393309878,2.0
244,6.200170302966263,-9.213269969678592,1.0
245,7.181288769366779,-9.709710487234338,1.0
246,6.233303971308506,-9.125823696777982,1.0
247,8.55391912415217,-2.980544237187704,0.0
248,-7.047915381194879,2.330604057110716,2.0
249,6.227005906922677,-9.155258159501507,1.0
250,9.743889956010383,-4.123926679103618,0.0
251,0.4369133839151744,-1.9987844894429871,3.0
252,5.6112604833919075,-10.224491321098942,1.0
253,-11.300589313129713,1.8614349705343063,2.0
254,6.8128980125165635,-3.328820570930307,0.0
255,7.4619168995847165,-9.035308703426349,1.0
256,5.954928480877512,-9.34763194667823,1.0
257,5.8586898472418225,-8.865037995701089,1.0
258,-7.560830592429818,2.353596476240881,2.0
259,7.950777385092705,-5.316513233945299,0.0
260,-8.173174617711286,0.9848553379074861,2.0
261,6.546238643305,-9.934500680274269,1.0
262,7.688972274890647,-7.673713287412689,1.0
263,9.242238254681673,-3.880030980650584,0.0
264,1.0880229173440374,-1.4767272777164073,3.0
265,-7.233212943033106,1.6858187308105095,2.0
266,6.978994764354205,-3.8161321543774664,0.0
267,-0.5195462772851993,-2.20460239355506,3.0
268,-0.26176299299084926,-2.930608918809115,3.0
269,6.831603834646455,-7.842933858622278,1.0
270,-6.3064280103130805,1.4753935730272034,2.0
271,8.28102835145736,-2.3971119146634625,0.0
272,1.0577564504505599,-0.40360170844607457,3.0
273,7.4829736951485994,-2.8605564421988836,0.0
274,7.114102219105378,-4.514448311310826,0.0
275,0.15343891825296935,-0.9757394587055876,3.0
276,8.73106960269215,-2.548994140996215,0.0
277,5.990969204646164,-9.759304454583758,1.0
278,-7.700019759731876,-0.10881334073196669,2.0
279,7.367865486817887,-9.81616435709118,1.0
280,6.767169242752228,-7.867910434760189,1.0
281,9.46036722964138,-3.518298383715056,0.0
282,2.0827417017908862,-1.286748262112571,3.0
283,5.4332472427307055,-8.26340165556531,1.0
284,-6.138389895447498,2.284754563123937,2.0
285,-0.18886243674852576,-1.8888401512068043,3.0
286,-0.6911002519623526,-2.1053066466736263,3.0
287,-11.396660737938241,2.881046511806753,2.0
288,0.09430858934574027,-2.8808730443556136,3.0
289,6.428744634199563,-7.575885700285738,1.0
290,7.258819668731383,-8.721383825607507,1.0
291,-7.322051243021946,2.1656322014162805,2.0
292,8.345361001839091,-5.055218918647605,0.0
293,1.062373472757973,-0.6672648138037053,3.0
294,-8.636711583204772,1.958974332117604,2.0
295,7.464811591245441,-11.123243507439486,1.0
296,0.4755800942968361,-0.6345966391923417,3.0
297,5.116439623441619,-8.791505213719939,1.0
298,5.753520758272391,-2.9206744925812815,0.0
299,8.69367787897517,-4.738498271071297,0.0
300,-7.548862521122301,2.8039372100844777,2.0
301,6.601867984036568,-8.365568234079447,1.0
302,8.41221415600357,-4.42690303654529,0.0
303,5.815156669968722,-8.445162680706453,1.0
304,0.575909533804239,-2.3645904525155133,3.0
305,5.624096964675457,-9.859231096222146,1.0
306,7.331150781760189,-9.5166983717951,1.0
307,-8.961088713921876,0.909703293557215,2.0
308,0.5407041768421093,-2.33463823973929,3.0
309,-7.491048284699979,1.778655289544036,2.0
310,6.506255982463531,-9.312369191738853,1.0
311,7.807374796772948,-3.62065261475643,0.0
312,7.020569333932769,-2.8058481669397737,0.0
313,6.972101869808333,-4.2748138253730605,0.0
314,7.824986550632375,-7.905738709789756,1.0
315,0.3495213988724162,-2.4050872816756628,3.0
316,6.855460263083462,-3.4752441656548188,0.0
317,6.384620140647033,-8.462569632832691,1.0
318,5.403210684715778,-9.111916217383005,1.0
319,7.385756751867146,-1.0237960818012044,0.0
320,-7.917609112504012,0.2673111511359598,2.0
321,0.8034490396181753,-2.0781629827606807,3.0
322,-5.39967598555859,2.7440926813535276,2.0
323,6.468344891220105,-2.7505349393113256,0.0
324,-8.439238478697156,1.7753323931342055,2.0
325,6.115167939278576,-8.274318147142594,1.0
326,4.153741576384516,-8.948018634469271,1.0
327,5.698771204461988,-8.933770244302996,1.0
328,0.1142952446325553,-1.9875854323590856,3.0
329,6.443226805978178,-5.25189020083471,0.0
330,1.2902837655883377,-1.769536667389744,3.0
331,8.104317076984325,-2.2097012632647486,0.0
332,7.743673181028121,-3.172127688957852,0.0
333,0.9366390546696695,-1.034676885828167,3.0
334,9.440659004795522,-4.902330175543522,0.0
335,-8.573335166630343,3.210479144778632,2.0
336,8.374489281457782,-2.8016723166875384,0.0
337,6.655307660713672,-3.118927393896018,0.0
338,7.275372962686451,-5.64553388008404,0.0
339,1.1212583514904741,-3.4194176803720664,3.0
340,0.9884423186049552,-0.9742237075840033,3.0
341,5.820844639769583,-9.469965324924017,1.0
342,6.544787856087131,-2.7769724327512266,0.0
343,6.05933095400079,-9.923317778307652,1.0
344,5.423817994866685,-7.775973263330776,1.0
345,-8.200670229100822,2.757649954912985,2.0
346,0.32308568704330565,-1.3857919505297023,3.0
347,-7.1172034126725965,1.8661548489390518,2.0
348,4.99855353806943,-8.512188527996697,1.0
349,9.496494111657723,-3.790297496982803,0.0
350,0.7975185755342095,-2.479111539949358,3.0
351,9.608011213119235,-2.691480493594161,0.0
352,6.595558258133923,-8.385965254591975,1.0
353,-0.8703416363689889,-0.5352494903336587,3.0
354,1.6830919031669969,-2.528713690347499,3.0
355,-8.766583705445912,2.8987339587053604,2.0
356,7.773032016110374,-3.8089695916647095,0.0
357,8.811778573881417,-4.590458118399615,0.0
358,8.301285997629655,-4.217226533156894,0.0
359,6.5739149252702935,-8.198799082528419,1.0
360,8.714450647157346,-2.4173049066032517,0.0
361,9.617870882739462,-2.847599958395974,0.0
362,0.5078076688334369,-1.2717757371258485,3.0
363,7.555918261599553,-10.27390278986633,1.0
364,7.692105633810941,-9.252425007085332,1.0
365,-7.714915812113987,1.3058753401648153,2.0
366,6.635459376140419,-7.97303407216645,1.0
367,-1.0217410695716422,-2.0001229108329874,3.0
368,-7.859852842242687,1.23897526316672,2.0
369,6.32327395170975,-9.94676040669643,1.0
370,8.47860029176483,-2.0278735691427183,0.0
371,0.6494131598023763,-1.0410186971191513,3.0
372,9.45592383771909,-3.606342421474686,0.0
373,0.24670970656153224,-2.6585667962317308,3.0
374,6.165992125402616,-1.93259645310191,0.0
375,-7.782859117607552,1.9297699488325606,2.0
376,-6.567200034821817,3.6293891287854185,2.0
377,5.759074012666055,-8.66526547077067,1.0
378,8.057622563075933,-3.094731629282367,0.0
379,-7.208695834688718,2.5626450892347146,2.0
380,4.614048530172766,-8.755531179966663,1.0
381,7.247734015727407,-8.878705799062299,1.0
382,0.6158647701465656,-2.242581281153893,3.0
383,-8.119122322475658,3.4516877327389874,2.0
384,-5.088430580690003,0.6489094891831644,2.0
385,7.676196430857772,-2.8262043683894653,0.0
386,6.347728487539365,-2.648163279649249,0.0
387,-0.7156676891672211,-1.7658746905276803,3.0
388,6.500727224441323,-3.8240358598677893,0.0
389,6.144794365238219,-9.77684760334329,1.0
390,-9.41990360491416,1.8694912176640368,2.0
391,-6.795347518053268,2.327078073507232,2.0
392,2.030596259172749,-3.1547826803051393,3.0
393,1.0853414751828303,-1.6962590235911712,3.0
394,7.471727944015406,-2.0588197872546705,0.0
395,-0.9405220148942861,0.09374474656533893,3.0
396,7.856978052213229,-7.83170143518589,1.0
397,6.390684862438804,-3.100935118444302,0.0
398,-0.6831861438324505,-0.8745036009653361,3.0
399,0.1628640370925199,-1.7491074789467251,3.0
400,-7.2316642643878986,0.6179884011361352,2.0
401,-8.444575975055352,2.390412661197598,2.0
402,-7.32011587615518,-0.8491327383233851,2.0
403,-0.14333528885821256,-1.5922476339943685,3.0
404,6.520688217063631,-9.637960507118468,1.0
405,7.068144296089292,-9.367051575371988,1.0
406,-6.879186786821391,0.07462170591192119,2.0
407,7.0797150621239835,-9.130918076042907,1.0
408,6.0246134966600975,-9.54948103053514,1.0
409,5.516697472840202,-9.197750224176026,1.0
410,5.7307284390950315,-2.608955061595124,0.0
411,9.116406834403481,-2.082792244632712,0.0
412,0.0041233287233741756,-1.2501179068175825,3.0
413,8.220751299503837,-9.39843814038755,1.0
414,7.596393408995421,-10.142922502284957,1.0
415,-7.735111133974477,2.838137389744332,2.0
416,-8.947415360021175,1.919726022389878,2.0
417,7.022205932284627,-3.409536250305689,0.0
418,0.37520099481163866,-0.5628020040207666,3.0
419,5.7334459439260375,-9.479167450088811,1.0
420,1.2404586138467315,-2.6062233822854313,3.0
421,7.693953482948147,-9.004998603812435,1.0
422,7.676475308167216,-2.9793336551938006,0.0
423,-6.241469358552558,1.70059047552681,2.0
424,-1.120380000020783,-0.8967229155739753,3.0
425,-6.410179178955445,0.7367686620887577,2.0
426,5.180133298558885,-10.146611789332624,1.0
427,5.072304999775817,-9.487268234097158,1.0
428,7.23870886833394,-2.4839818092434807,0.0
429,-9.862670709515163,1.4815791691075195,2.0
430,1.334847496901122,-1.1862032409883507,3.0
431,6.326166944917999,-11.223937969132061,1.0
432,-0.5494927499892406,-1.089571203563481,3.0
433,0.9589729573321526,-1.2840907895324187,3.0
434,9.888374457151295,-3.433752832677153,0.0
435,7.8099659747976515,-4.8094436804567025,0.0
436,0.5826719511021862,-2.7458565584563503,3.0
437,7.032273922367766,-9.64153634528052,1.0
438,6.854495493551553,-8.463182315185119,1.0
439,-0.6835624697885383,-0.7368899854125069,3.0
440,5.563874074808894,-10.746823315291607,1.0
441,-5.780894963289795,2.8326429740434653,2.0
442,-9.727379792568065,0.9767964793169918,2.0
443,5.651990294318973,-9.691577407895082,1.0
444,1.8536094861519201,-0.8824990207995311,3.0
445,-8.319265010323075,2.398398302081697,2.0
446,-9.17740517950974,2.315050446415719,2.0
447,2.2008851915362424,-2.911529796286977,3.0
448,1.6792196545454876,-1.2513185437929304,3.0
449,-7.429553834784487,3.142427603840262,2.0
450,-9.299678283331474,1.5918668951205548,2.0
451,-6.842802439945391,2.1092631363884684,2.0
452,-7.545276133404003,3.360995496386234,2.0
453,6.883694991235478,-9.446189839982763,1.0
454,-8.72983329223392,0.5932746478637467,2.0
455,1.2071747824429107,-0.7866114331314094,3.0
456,5.521833879056322,-8.393879101343456,1.0
457,-7.835943385327185,2.5869120091477043,2.0
458,0.3100295837525243,-3.1121068798874463,3.0
459,5.414595138834465,-9.14059829664559,1.0
460,8.059655914115687,-3.738011547401244,0.0
461,6.537286650289159,-7.135366903360765,1.0
462,-6.668242268379771,1.287415039755869,2.0
463,5.869623573323187,-8.771890636599426,1.0
464,1.3738519792097121,-0.1434817228803873,3.0
465,7.643711704141465,-9.311106764101979,1.0
466,7.7129563307245785,-3.9349863417285573,0.0
467,0.5903253869124893,-0.5611926632412747,3.0
468,6.163511045156942,-7.7466211569555465,1.0
469,-0.2331757787654537,-1.1807730225224091,3.0
470,-7.124027204590242,3.6597171285383494,2.0
471,-8.812826827574641,2.756185882815398,2.0
472,5.415645797777259,-10.13777985029896,1.0
473,-0.10039861672534256,-1.6690596623482497,3.0
474,8.172288667288417,-4.375069397041749,0.0
475,-0.4902335137580873,-1.278359457632502,3.0
476,7.761403809024765,-3.6051219979837628,0.0
477,1.94374633732164,-1.6267710426494537,3.0
478,5.972421590142063,-8.825552819423848,1.0
479,-8.405382957187625,1.6606603071157424,2.0
480,2.3684892674415616,-2.1575310993222887,3.0
481,5.550860224008005,-9.095956880008593,1.0
482,1.9193267779819505,-1.73826700163481,3.0
483,7.09645863554102,-1.7099626234726393,0.0
484,5.96630937627764,-7.078635984184153,1.0
485,1.4915292799831381,-2.7814843683140476,3.0
486,1.4003835088209713,-1.216297597367972,3.0
487,4.554335745035004,-9.188255798395666,1.0
488,6.221423273254573,-8.896218902925979,1.0
489,-8.311118434666016,1.4764224123033514,2.0
490,7.5371655264393675,-4.1820006531154785,0.0
491,-0.4279936279890253,-1.7127957648179226,3.0
492,7.752535112958263,-8.178318685722331,1.0
493,8.215973984466915,-2.2867225519742815,0.0
494,-1.1376159437909474,-1.2784287777318286,3.0
495,5.625737416375376,-7.04629802180494,1.0
496,-0.9721306588875946,-3.562855531924867,3.0
497,6.515846530629686,-8.194009428536404,1.0
498,7.087172266573615,-7.660346481592406,1.0
499,6.5228634803282475,-9.352650096385107,1.0
500,0.9651753030995509,-2.6107214897060316,3.0
501,1.2076660383687963,-0.5721815512566588,3.0
502,8.309603971290377,-3.6698664599501214,0.0
503,7.383713697234684,-3.0574081518597973,0.0
504,7.816156322311864,-2.39301427782808,0.0
505,1.2115500614830794,-0.9087342099218506,3.0
506,1.0863933332713134,-2.626349235011336,3.0
507,7.266963022326119,-8.1977161155718,1.0
508,-7.5992166199668905,1.7470890094401077,2.0
509,0.27660210740795194,-2.5905168588315237,3.0
510,8.004649550806214,-2.630933805570426,0.0
511,1.555136035973699,-1.7605551510800213,3.0
512,7.154305066490883,-11.245834962731573,1.0
513,-7.206057968857733,1.3694744548314501,2.0
514,0.45520123646927374,-1.5612296323739192,3.0
515,0.47838499942962076,0.11386385839170443,3.0
516,5.6935257958032555,-10.273040815124254,1.0
517,-8.379870722881805,2.7227651414262595,2.0
518,8.036392187772163,-5.604581961255519,0.0
519,4.917321989475426,-8.892266460081833,1.0
520,-7.086635715216761,3.2159043586534297,2.0
521,0.8481335765309177,-0.8062066032919619,3.0
522,-1.0405296820809764,-1.6838598200473538,3.0
523,8.514460598317173,-3.832779523517645,0.0
524,0.4418946815602275,-1.495820880302457,3.0
525,6.7333696680813135,-9.718586038533045,1.0
526,-7.812575743042563,3.037828238967698,2.0
527,-6.722497692487661,2.5494667860753983,2.0
528,-8.17832812496303,3.446488123123297,2.0
529,8.226228284492477,-9.551367098277087,1.0
530,2.3815862047504543,-0.6412291793659604,3.0
531,6.037845795907915,-10.89222596150863,1.0
532,6.008994826136871,-9.090626007900974,1.0
533,0.36943173476320806,-3.156201668967296,3.0
534,1.1461326632097353,-1.0974249741470232,3.0
535,7.6782222970972995,-3.791033807854999,0.0
536,-8.461040975177054,2.568834652104312,2.0
537,-7.553048312853881,0.510641622368146,2.0
538,6.321108192125974,-4.048644169779889,0.0
539,7.03731706712686,-3.221690205220842,0.0
540,9.338734720530509,-3.989874651523226,0.0
541,5.043326320653527,-8.56092637342273,1.0
542,-5.957321549779033,2.8896050337300143,2.0
543,0.9928678289751115,-2.391581806957478,3.0
544,-7.740562330854214,2.2238082386796325,2.0
545,6.461635560934374,-8.352560225411679,1.0
546,7.090703229909316,-3.619066281078961,0.0
547,6.697523968311363,-4.523032176873045,0.0
548,5.576814863801334,-9.35817200571902,1.0
549,7.585490603551464,-4.745776887879264,0.0
550,6.257740535150348,-8.534485277615932,1.0
551,-6.508161904367374,0.5478070568841142,2.0
552,5.687484493914479,-8.624478148138536,1.0
553,6.858616254502566,-9.791899461222354,1.0
554,-8.726236287210634,2.8321708641629852,2.0
555,7.391694718771053,-3.126693303210516,0.0
556,7.419490527817349,-9.18792703665343,1.0
557,6.6462223755437435,-8.54839397434826,1.0
558,0.11203381586435252,-1.6211427108199612,3.0
559,-7.890427790112816,2.2593231211753255,2.0
560,5.93184084276514,-11.018532150907987,1.0
561,-8.125601313940061,0.85337352552465,2.0
562,0.22621929345729813,-0.5659035279025173,3.0
563,7.27059006890177,-4.842257162764987,0.0
564,-8.399779236452181,2.6932304750717577,2.0
565,-1.6061171029368273,-2.560897834522387,3.0
566,7.466610215581695,-2.9752585342720024,0.0
567,1.208114480642971,-0.3012982640806974,3.0
568,8.97289680655653,-2.56630063643087,0.0
569,5.4837309493087725,-4.210845164142188,0.0
570,7.727519870017114,-4.184561078848228,0.0
571,-7.616087469247305,1.8491317462016759,2.0
572,-6.8864307361494905,3.285629648741451,2.0
573,6.723571301647233,-4.254871009798123,0.0
574,6.455668356644238,-9.837561795259495,1.0
575,0.6850404666192119,-0.16762187434974152,3.0
576,6.504867536673278,-11.806630953988966,1.0
577,6.992601362767001,-2.945219842609249,0.0
578,-5.727812290424646,1.8560043342030057,2.0
579,1.0410326874954094,-2.9983414107349486,3.0
580,-6.476484553759242,0.8626123086153237,2.0
581,-6.666528678802031,0.3991020697971728,2.0
582,6.337716957070085,-9.38411281422183,1.0
583,0.35083327290618893,-2.203462412065054,3.0
584,1.1114782707799193,-0.7147181425647021,3.0
585,8.21254127398032,-4.74747980423455,0.0
586,-0.9133316843709189,-1.1447462379990716,3.0
587,-8.426858652663006,3.3575012038177974,2.0
588,8.951684855312816,-2.153366592390414,0.0
589,7.37979787981036,-8.717531079752693,1.0
590,0.1416347205240116,-2.018263086687934,3.0
591,0.9363044094517663,-1.0765968075015175,3.0
592,7.93099520320545,-8.51835504974889,1.0
593,8.78576348685287,-3.020933787457075,0.0
594,7.389769914109237,-9.722197635652595,1.0
595,6.018177228341264,-2.859488782893009,0.0
596,-8.553316276944496,1.9155425514172773,2.0
597,5.299042043735126,-9.008202463929756,1.0
598,8.013805596374576,-3.2062211289370377,0.0
599,-7.582315237157668,2.3405338233848325,2.0
600,-6.8620326192765715,2.3991711152020363,2.0
601,1.4899199432643992,-0.4088634704975609,3.0
602,1.7146987850448534,-0.8589158164798811,3.0
603,8.671966617161184,-3.7296253955666403,0.0
604,7.411958954405527,-3.502363119913362,0.0
605,1.6510388114670536,-1.0914546292148928,3.0
606,1.2786110439635094,-0.36878079384866824,3.0
607,1.187283253806328,-2.0258149023580887,3.0
608,-0.3299223395593034,-3.34497079048578,3.0
609,8.379703615039038,-7.960512911126938,1.0
610,-8.863437572809968,2.9421473254100934,2.0
611,0.9187453133044001,-3.2243881477297642,3.0
612,7.305086661265341,-4.113167334170132,0.0
613,-6.828284816518473,2.9434015535797933,2.0
614,-7.301285676982633,1.2114071949332992,2.0
615,0.4670549314801179,-2.1401160955166945,3.0
616,0.3389705485868593,-2.3110864945132827,3.0
617,-8.253772920633141,2.66651567280588,2.0
618,-0.4377526299777681,-2.231256972624532,3.0
619,7.022106944740395,-3.3315389362793884,0.0
620,5.538041851608006,-8.833552962922466,1.0
621,6.396216960152712,-4.121268635571404,0.0
622,6.622727683583687,-8.798305001818102,1.0
623,1.9669326964866973,-1.8967333472464856,3.0
624,-6.590062424440736,1.533931478677254,2.0
625,6.219447621035535,-9.731357230823537,1.0
626,-5.867480754049723,1.050328820765629,2.0
627,-9.111406160478044,1.6179861187899003,2.0
628,-8.350742000488177,2.3025477414630666,2.0
629,0.26017897752027835,-0.6652271722896589,3.0
630,-7.154267140120066,2.83859413698747,2.0
631,8.425756431202668,-4.165369466557338,0.0
632,-8.802026048092653,2.3785930583067656,2.0
633,-7.609406887875007,1.89515806058955,2.0
634,0.4775296522347074,-1.7036737989332045,3.0
635,7.3191839096908,-8.068235662645282,1.0
636,-6.9716387197576815,2.907432781606283,2.0
637,-7.160697298959636,1.4774317168139788,2.0
638,-8.933377368973732,2.032740616627896,2.0
639,5.964897206376019,-3.526166685624843,0.0
640,-0.6799176104010092,-2.9830768272065447,3.0
641,-7.895416904082814,2.0805094753518873,2.0
642,1.637462803458845,-2.4379831308680173,3.0
643,-0.8513241927600899,-2.2286825372601315,3.0
644,5.420376865516313,-10.11133972001569,1.0
645,-8.23886134813782,2.236522591845189,2.0
646,-9.068320088157941,1.5020057081044458,2.0
647,6.988420974791433,-3.0055662307248094,0.0
648,-8.205017958725351,1.698255683118142,2.0
649,8.46183193003948,-3.240912409124279,0.0
650,1.1745570006925088,-2.156108630023121,3.0
651,7.279389622760781,-8.252388006403244,1.0
652,6.3901496416860795,-1.7862997362288928,0.0
653,0.8414334062176123,-0.8586870706902101,3.0
654,5.94234244245973,-8.80388083556191,1.0
655,7.542711201978204,-3.505379470917068,0.0
656,-9.301315050475816,3.0531967785248137,2.0
657,-0.3482679990011812,-2.893666123293574,3.0
658,9.90189858172978,-2.484261040767839,0.0
659,5.730058482212072,-4.194811362181399,0.0
660,-8.141057519361953,2.388446695389064,2.0
661,6.9021886977098195,-3.220106252014368,0.0
662,-6.5836354729738575,0.8683242896865244,2.0
663,-5.189986759346963,4.474007251715779,2.0
664,1.234828451873789,-2.872976440822633,3.0
665,5.672063558138795,-8.003073226535985,1.0
666,6.605060875992768,-9.864363334614879,1.0
667,1.006465507725145,-2.7566052431848953,3.0
668,-0.39395889858670563,-2.0709028689996067,3.0
669,6.824946765873262,-8.559763553405453,1.0
670,-7.809197879749159,2.6575913942035467,2.0
671,1.8772179451414217,-2.515350150796357,3.0
672,-8.831851526781438,1.5178120915939073,2.0
673,0.5607636809310566,-2.0957601313518133,3.0
674,-7.486046016196701,0.8967793612957595,2.0
675,-9.41173254479789,3.340925767872226,2.0
676,8.249433119760084,-4.505019306685827,0.0
677,-8.951151433044828,2.129296355713179,2.0
678,-6.946573621427999,2.1248370454630296,2.0
679,-6.715674899290759,-0.22578751431695565,2.0
680,6.073079728812133,-9.93271232864389,1.0
681,6.473984808806891,-9.683812876224836,1.0
682,-7.933674291018895,0.9655535396766103,2.0
683,7.029251446158139,-8.1272803458554,1.0
684,-8.17071966993016,2.8253891434103333,2.0
685,5.979462228691463,-10.301990048408161,1.0
686,7.855670818039742,-4.284171380132171,0.0
687,0.8630282876045862,-1.4569368825903368,3.0
688,8.54467979446158,-9.333056676818675,1.0
689,-8.032120018660034,1.1430309934215368,2.0
690,6.959519809525951,-8.772356068332362,1.0
691,6.70129736700335,-4.041053917812789,0.0
692,-0.11923819721021511,-1.7394389149987672,3.0
693,6.432187848344575,-8.98322839416422,1.0
694,7.973804994219929,-4.042661218444227,0.0
695,7.61741030414348,-1.9813048168751468,0.0
696,-0.18345599810184,-2.854416898457341,3.0
697,5.154324620055428,-8.854379697642509,1.0
698,7.326502307167411,-2.223461624530776,0.0
699,-0.7314243091232255,-2.1259916599514908,3.0
700,-7.182204657055366,2.390630939624565,2.0
701,-7.597948245878619,1.796165544631253,2.0
702,6.03724469009136,-2.043812244591502,0.0
703,7.797110422159041,-3.928892185481794,0.0
704,0.8415185069848594,-3.5278730433574017,3.0
705,6.454666902553912,-3.5244668323938266,0.0
706,7.419646633099703,-9.103425114687278,1.0
707,6.49473354612389,-1.9993547672452792,0.0
708,-7.658939261479024,-0.2834943103717067,2.0
709,0.7137207246127463,-0.205386970080764,3.0
710,8.99200205052746,-2.5266433563701307,0.0
711,-6.4593238910528505,0.438824188843435,2.0
712,0.10821974150782432,-2.9290599256879197,3.0
713,7.44870908032245,-10.915616382224442,1.0
714,1.94972666831736,-0.9814497426390383,3.0
715,4.8317162723682365,-8.520291143088405,1.0
716,7.704180598205123,-9.571442262854633,1.0
717,6.451838803984828,-7.403127204989101,1.0
718,-0.3547902282982375,-0.3896751330020416,3.0
719,8.270766371834087,-3.733780683286104,0.0
720,6.87909314002482,-11.955867843815009,1.0
721,1.798779705587069,-1.6228512787861673,3.0
722,8.135719830522373,-3.7879440265522875,0.0
723,7.489004844583093,-9.554484735186943,1.0
724,5.348920834618263,-10.736621839294513,1.0
725,6.730790114787929,-8.902863522220859,1.0
726,6.943216233517379,-6.936480798235909,1.0
727,4.951657941796176,-8.226346936556816,1.0
728,1.1727043096964904,-0.5183652609245917,3.0
729,5.452279480877653,-7.97874990102727,1.0
730,6.551065953483448,-9.785371857054972,1.0
731,5.69993181046091,-8.972857162773018,1.0
732,6.833233127127279,-8.167494686733606,1.0
733,6.638513387720724,-7.8843751251713865,1.0
734,5.607105287504849,-9.77665367519531,1.0
735,0.8750892324433606,-2.3969623614404574,3.0
736,-8.199661972522808,0.25303671652093485,2.0
737,8.446012039977063,-3.032451343476509,0.0
738,-9.125916791520334,1.8349519451014666,2.0
739,1.2788385498199548,-0.07455710096770418,3.0
740,0.6540356561059981,-1.0069435513771774,3.0
741,5.240243194277435,-9.620413928372242,1.0
742,4.696285632188916,-8.695644074261475,1.0
743,6.7895195404059505,-3.588579262378589,0.0
744,1.6756630182964583,-2.8568897104301447,3.0
745,-7.578527405305073,-0.09985106426098644,2.0
746,5.753684361620199,-8.997093364576044,1.0
747,0.11797431128520225,-0.9384914010743365,3.0
748,-5.906083160582848,0.7584318291643553,2.0
749,-8.249777491473523,3.0883410321660474,2.0
750,-6.388250737460557,1.7689828821517872,2.0
751,9.761945351403806,-2.6662507478459054,0.0
752,-6.909022566628967,2.479590067290794,2.0
753,9.711572894463018,-4.463456103718469,0.0
754,2.4713187352541945,-1.1887376538556733,3.0
755,-6.708543696443596,2.215388633448591,2.0
756,7.967921792609355,-2.1929472581649367,0.0
757,6.328762072984033,-3.3319270863145407,0.0
758,0.79459320430696,-0.548321964228172,3.0
759,7.276241536135704,-9.018098371456942,1.0
760,6.359111502666314,-8.257138399030666,1.0
761,7.919232532025716,-3.7049614044772556,0.0
762,0.4652766830457411,-1.1024847269105846,3.0
763,5.005883696220156,-9.327009145615317,1.0
764,4.166967370826216,-2.8265623109377076,0.0
765,0.3993732837569818,-1.1400506308865297,3.0
766,-8.953955071109602,3.385490908928607,2.0
767,-6.77520306119225,2.6739357580599767,2.0
768,5.802823074455808,-11.65500507759961,1.0
769,7.942452350499839,-9.862684135080615,1.0
770,0.8321636775264352,-0.3042413035546905,3.0
771,7.076252739987648,-9.834663739266052,1.0
772,7.6825317865268845,-2.120258866414223,0.0
773,-8.58369554054245,4.988076640006353,2.0
774,8.080188925534516,-3.7021710381410715,0.0
775,8.742981726181284,-2.460221507069895,0.0
776,8.495198183978586,-1.9351488600705133,0.0
777,7.785752016781031,-4.482664343583867,0.0
778,-7.508947085459863,3.94322207195896,2.0
779,0.6001257784424919,-1.078017520384999,3.0
780,8.639833415659245,-3.8538224355912827,0.0
781,-0.25491190799095587,-0.49638534090314734,3.0
782,1.7333847506887758,-0.8521515438726902,3.0
783,-8.326570609270728,2.4741700264265027,2.0
784,-9.616676473128162,1.7307314248720922,2.0
785,5.3523033328950085,-10.004215238545346,1.0
786,1.1476541375067124,0.016436310531695364,3.0
787,6.290285129260133,-8.644970644267529,1.0
788,2.020473460082676,0.24214734430929208,3.0
789,5.819883499023083,-10.24061018746828,1.0
790,7.295186396425792,-8.961641010652212,1.0
791,-0.315350741464437,-2.350593588086875,3.0
792,-7.21104679680934,3.6501546112266676,2.0
793,8.755879681237973,-6.194980193801409,0.0
794,0.5412731123292542,-0.3227872469864954,3.0
795,8.085552804549419,-8.501204859598435,1.0
796,-7.298546872208905,3.3172951323216093,2.0
797,6.711764496283841,-4.142838610016837,0.0
798,0.13490368261703728,-1.1596931556230101,3.0
799,-7.376678262259238,2.3088891245127456,2.0
800,-7.834385512893756,2.043174581981547,2.0
801,5.158011336982895,-8.619847464485606,1.0
802,0.9063480104483721,-0.5659489024900117,3.0
803,5.537652902404601,-9.940958963923649,1.0
804,1.1279860158818629,-2.539124241139283,3.0
805,0.41101719438148276,-2.6399468642107586,3.0
806,6.452580355255364,-8.551836400315564,1.0
807,2.1940979211731264,-1.4620973016102543,3.0
808,8.595771514391517,-9.198514758203938,1.0
809,5.339406919318728,-10.334002660877252,1.0
810,-6.925851753487508,3.5184431950658848,2.0
811,6.403379670112434,-3.6031820864029362,0.0
812,5.668141199438229,-9.74268604136414,1.0
813,7.992230335681395,-9.052915709688381,1.0
814,0.8177511253801413,-1.561797236207047,3.0
815,6.490748994130761,-10.137243314278685,1.0
816,4.11027422806448,-9.208125687407177,1.0
817,5.979800305828175,-9.79992985443386,1.0
818,-8.286726890360946,2.304851865034016,2.0
819,10.488483585983852,-2.7585816440205932,0.0
820,0.6349447152533094,-2.528514278852762,3.0
821,-6.69349682255253,2.2200620112198344,2.0
822,7.435400948542378,-3.690415716664977,0.0
823,0.6487677149557478,-1.7632214213248587,3.0
824,6.5508955521137615,-2.3396538591747778,0.0
825,6.655851634190429,-2.4687511609275754,0.0
826,7.797585465664222,-3.166235562101247,0.0
827,-5.044101467539151,0.6855613147195134,2.0
828,1.7930018127939182,-1.082759173158105,3.0
829,5.209378190597876,-10.283518341015856,1.0
830,-8.403848914982376,1.0995153872338346,2.0
831,7.401029470502578,-4.249067345147786,0.0
832,7.714978376677892,-4.021012781635996,0.0
833,-0.5377748237298734,-0.26552077901286397,3.0
834,-7.4057916555406145,4.184153243879598,2.0
835,7.69688209590106,-9.645380780137721,1.0
836,5.960864820589277,-7.956873141233805,1.0
837,7.6948360522196735,-2.633593933084926,0.0
838,-6.148479824698223,3.6190128771077745,2.0
839,-7.371843538359959,1.4453893072687116,2.0
840,5.960545823016257,-9.990577706655571,1.0
841,8.668263214189984,-4.0129691210801735,0.0
842,9.083021963128566,-4.8093388252193625,0.0
843,5.4504592649057635,-11.693413237046116,1.0
844,6.556877992947771,-10.11362856951988,1.0
845,8.594392588292555,-3.6966039373173882,0.0
846,-7.3779014698619605,1.7289232594653372,2.0
847,-0.2661634503604273,-0.6982751475510657,3.0
848,8.038794382308959,-4.346812389836109,0.0
849,7.137779686798524,-8.195730426565618,1.0
850,7.720712698085624,-2.79821134129392,0.0
851,2.1311963036180153,-1.9337691942450954,3.0
852,-6.836540185588989,1.7433529630381015,2.0
853,8.363577879906803,-3.3921863566749964,0.0
854,7.164942704474199,-8.711670616619875,1.0
855,-7.125988104224406,2.4553429251201457,2.0
856,7.234578104432256,-9.850122172385952,1.0
857,7.572352436498419,-4.234200292390115,0.0
858,8.283488415447327,-4.118560924124553,0.0
859,0.2138312334017871,-1.2347920707933064,3.0
860,8.31573164461371,-10.442952676938749,1.0
861,7.074800794071181,-11.209321418327596,1.0
862,7.6695455739656175,-4.846795990103739,0.0
863,6.705790145025586,-8.88119895681302,1.0
864,-6.980741449689299,2.7449372185416654,2.0
865,6.470618361876463,-8.498486079113682,1.0
866,-6.638192040571638,2.2770431872292347,2.0
867,8.159792515163858,-2.6470128350448374,0.0
868,7.48332102324963,-3.790572824494712,0.0
869,0.8369415463357434,-1.7093898326916905,3.0
870,6.380187052667753,-8.735255655737257,1.0
871,-8.000810575007941,3.6675286213323104,2.0
872,7.829379373567361,-10.051062327547474,1.0
873,8.009890798847639,-4.993024491988793,0.0
874,-8.74594995555326,2.873690278127547,2.0
875,7.020349561323247,-9.475785647837453,1.0
876,0.0071645920804891405,-0.6027844941514455,3.0
877,5.758447668124929,-10.66617858509612,1.0
878,0.30788998288009745,-1.3147003134174582,3.0
879,6.318038961946242,-2.503777691857091,0.0
880,7.170960424847101,-10.120711856427251,1.0
881,7.974419909827451,-3.028703785500391,0.0
882,-0.8099318969752625,-1.6330392802773457,3.0
883,-7.748021796188203,1.3282066779323625,2.0
884,0.8279916858683262,-1.4969048853627238,3.0
885,8.322615382490518,-3.2104953088685106,0.0
886,0.7326589399388992,-2.694530747231955,3.0
887,6.642920451916102,-8.306731041600672,1.0
888,-7.740850483217755,2.782713509754683,2.0
889,-0.313388374075641,-1.7042798630870093,3.0
890,-9.10785986584517,0.8766695685372161,2.0
891,-7.543595527848254,2.3187767897883007,2.0
892,8.80164407492782,-4.6995784018566225,0.0
893,8.860270268650185,-3.998343988889532,0.0
894,6.001518918845594,-10.625429784690446,1.0
895,1.6286869865072264,-2.5240701766194817,3.0
896,0.671508891040074,-1.5984663991646713,3.0
897,-6.596192617935547,0.9481801997751342,2.0
898,8.500504474634154,-3.808298941966907,0.0
899,5.519855480789463,-9.892473329090386,1.0
900,10.539998298852387,-3.4563118154065964,0.0
901,0.36213413693449903,-0.4110606213378709,3.0
902,7.416814154272889,-8.874558406812017,1.0
903,8.823918879136182,-4.2956779960743185,0.0
904,-6.5268402234665075,2.5987810845609327,2.0
905,-6.375008855758923,1.1410543885042563,2.0
906,8.406903972305573,-4.262079066431835,0.0
907,-7.447928219385878,2.3261803770985368,2.0
908,7.3168781666804055,-2.4341696809044593,0.0
909,1.2442042331760212,-0.7667201969920431,3.0
910,-9.239967454037382,1.2627134257341568,2.0
911,7.372757423293994,-1.9974660386672745,0.0
912,8.374097734662614,-2.4315465309545887,0.0
913,-8.964137181742347,2.405458923447505,2.0
914,8.120011826732018,-3.969438684406395,0.0
915,7.551512072639836,-9.125781029540839,1.0
916,-8.155679888038225,0.5042608131298612,2.0
917,-8.358109293433445,2.7718687328492497,2.0
918,6.486150938243612,-4.42902866874026,0.0
919,-0.12321292205260748,-0.0038514515164962404,3.0
920,5.1826558801071005,-8.840989206895552,1.0
921,2.469080636505576,-1.4096416241386593,3.0
922,8.34548714327279,-2.2900941630165224,0.0
923,7.889434856310204,-1.5828755965234893,0.0
924,0.11715761264540753,-1.6977617621017616,3.0
925,9.075683674656077,-4.217905332256451,0.0
926,-8.168793838376747,1.7461453819832293,2.0
927,-8.28287132431361,2.3365444946281295,2.0
928,0.43395654183080346,-1.0669984937786796,3.0
929,8.033493368655074,-2.26578347948763,0.0
930,4.630184579730425,-9.135699940500523,1.0
931,7.9398052334680695,-8.685569825618932,1.0
932,8.650241675684097,-2.4808555243681942,0.0
933,-7.233213275679902,2.8893646196455176,2.0
934,5.159388579622215,-8.08763126634169,1.0
935,6.715769613096345,-7.758484580529208,1.0
936,-8.644210041801472,1.7383408084444,2.0
937,0.0758351703767498,-1.8754908416004115,3.0
938,0.7176675603796213,-1.4874584463325242,3.0
939,-8.584746325299363,3.179580526673453,2.0
940,7.269012968095302,-4.748653312229626,0.0
941,-0.21240487125407082,-1.7464127168953396,3.0
942,1.5148727005894473,-2.2938788528555376,3.0
943,7.5370367349026814,-3.9535997294754783,0.0
944,7.821626302981447,-3.304053487547764,0.0
945,8.975831756833998,-2.6725655627565357,0.0
946,-10.202089427630064,1.9244540895795796,2.0
947,0.6715374461828545,-1.267079119254255,3.0
948,8.030856376589458,-4.395838179941017,0.0
949,7.971644462988997,-3.3823605775700227,0.0
950,9.24438847980977,-4.433629367215218,0.0
951,1.7736443880278263,-2.582925089989653,3.0
952,6.7404679973311294,-8.288290954779248,1.0
953,-7.63217313508882,1.2129111266008619,2.0
954,6.805180288273738,-8.363573676842183,1.0
955,4.537222642202965,-10.156111295172119,1.0
956,1.8724837654900306,-2.1866589225112025,3.0
957,-0.4865921061024525,-0.6059421296497001,3.0
958,-6.527219885802692,3.1884745874750706,2.0
959,0.7427845054269442,-2.5697350534032073,3.0
960,-8.581364711077715,1.9241247553085208,2.0
961,7.760996654197423,-4.223426844270501,0.0
962,7.078161181300576,-10.688217878003144,1.0
963,7.792857443076912,-3.2590084966069948,0.0
964,6.12135489761575,-9.563526328577506,1.0
965,7.683606825782495,-2.94950316567846,0.0
966,7.599528960524845,-1.9835898504549938,0.0
967,4.4245655025491875,-9.258894500893463,1.0
968,-7.879481314509852,1.8917620586577004,2.0
969,0.8911320700074739,-1.829691908832121,3.0
970,0.5997384988263266,-1.522592945217064,3.0
971,-7.691789451810977,1.9034749837512113,2.0
972,7.893155947520947,-9.373863385612788,1.0
973,-0.30942129371465865,-1.0964764075567963,3.0
974,-9.027842363564105,1.4778814825985302,2.0
975,-8.126234475664637,0.17160501861308086,2.0
976,6.872475098280381,-3.571030867054809,0.0
977,-7.864553178470922,3.26886750833569,2.0
978,-8.382566479296269,1.1999956740210176,2.0
979,1.4953949537668838,-1.3265087971567309,3.0
980,-7.906408111629735,1.2193296899164867,2.0
981,-0.8118063620255309,-2.3785631429616623,3.0
982,8.011700303164552,-2.554822613871154,0.0
983,7.243730615551133,-8.001052175937316,1.0
984,5.684954103216525,-7.727953025447469,1.0
985,8.048351185120772,-4.27513425662015,0.0
986,7.0779905190484715,-8.904664218823608,1.0
987,8.645911558128159,-9.281390301921192,1.0
988,1.3104034769510338,-3.3269743129320437,3.0
989,-5.8939328404705265,1.6351962310196873,2.0
990,0.5930806520988984,1.1898425251328777,3.0
991,-7.96003776333265,3.751674184150102,2.0
992,-0.32390247767671076,-0.9735752308245913,3.0
993,0.13686548507398882,-1.3333367240596914,3.0
994,1.162762178449162,-1.3061790416140435,3.0
995,0.6682202584108292,-1.9663429516903663,3.0
996,-9.103007042716182,1.3386725462178375,2.0
997,6.455177367110124,-10.03050575272013,1.0
998,7.365264118662525,-4.60823838124665,0.0
999,9.685209790152731,-3.0774975469619,0.0
1000,-9.49052114674039,1.395166263390839,2.0
1001,7.421375775842134,-2.638584262841297,0.0
1002,-6.4847188558138855,3.5292744542798733,2.0
1003,-8.173392517200574,2.1728237049522017,2.0
1004,6.194290460915165,-8.070392505394343,1.0
1005,6.296760328664958,-9.232582912824583,1.0
1006,9.124355442248742,-3.1741558090423667,0.0
1007,-6.616989788862746,1.1062312689445726,2.0
1008,1.7189938054454472,-0.8376927801647102,3.0
1009,-8.749255014278955,1.833662693287634,2.0
1010,7.211058123163385,-3.697827374791693,0.0
1011,8.592789258274014,-3.3618408919885057,0.0
1012,-7.846474222386641,1.441870285357147,2.0
1013,7.5020599762675735,-3.424364839744365,0.0
1014,-6.820528342322708,0.8513032475890663,2.0
1015,8.681856873364096,-4.536835374393564,0.0
1016,1.0708521680041918,-2.756649958841429,3.0
1017,6.138241140079431,-4.875836246452602,0.0
1018,5.69604730943064,-9.432254002771096,1.0
1019,-7.9806766185926135,1.8259211219114186,2.0
1020,6.603587958516516,-9.061548121288764,1.0
1021,8.731471418799032,-4.099975971088518,0.0
1022,5.496556257699839,-7.758605240489379,1.0
1023,7.502120862382732,-10.267323345849919,1.0
1024,7.474615246591732,-10.705515470918241,1.0
1025,6.811181666077155,-9.0911508820291,1.0
1026,-9.54386135306619,2.6585778174266617,2.0
1027,1.7690834315215873,-0.3009113382040973,3.0
1028,8.103459920594357,-3.296630002383121,0.0
1029,7.592056189540466,-2.3676230941381675,0.0
1030,6.404818936352527,-9.700115504738541,1.0
1031,1.1116087821344371,-0.29124277594791614,3.0
1032,0.8319156089565213,-0.5979078704940954,3.0
1033,-8.203476370086952,3.092319944984739,2.0
1034,2.121280125433449,-0.8542539338267989,3.0
1035,2.062795114475846,-1.2016872888561876,3.0
1036,-0.9308384160068495,-2.209386391425335,3.0
1037,1.8181015107752103,-3.1909562597905925,3.0
1038,-8.717896388846224,1.5947205503816932,2.0
1039,6.25054256260502,-8.755363328038575,1.0
1040,-9.25308949884973,-0.36819260594270276,2.0
1041,-6.97838063382687,2.865693720712705,2.0
1042,7.760624182271915,-4.180418500768585,0.0
1043,8.240502808317805,-8.604482233964527,1.0
1044,0.689142600810968,-1.1533312241815163,3.0
1045,-7.003836069786533,2.891368623590847,2.0
1046,6.9613148036995405,-8.18686946081821,1.0
1047,6.495196189945505,-8.483520304426836,1.0
1048,2.3004809141100595,-2.9405660768001116,3.0
1049,-8.089316229050995,3.089359738250807,2.0
1050,6.97315969458653,-9.905024770983623,1.0
1051,1.0470277413287972,-1.4612655775389358,3.0
1052,7.72556002211342,-10.642246285829614,1.0
1053,-8.667065890224238,2.5886823157823127,2.0
1054,8.395714787940783,-2.079717844170782,0.0
1055,0.4610147859464686,-2.0942356396906954,3.0
1056,7.2294114367645,-11.135533402697328,1.0
1057,6.044199314288448,-9.001990009406128,1.0
1058,7.896762565447189,-9.18877079783708,1.0
1059,8.263858295068255,-10.224667482251732,1.0
1060,-8.65971667712015,2.456499627771979,2.0
1061,-8.339132138453952,2.3453073696951074,2.0
1062,5.7156334991446585,-10.434628126186622,1.0
1063,8.83914910069933,-3.0141350245832284,0.0
1064,7.972127615583025,-3.755408535380081,0.0
1065,6.672715163808859,-8.477423395904415,1.0
1066,-7.3138424697298445,0.5991391685782235,2.0
1067,7.5213214137777875,-2.1226660507508086,0.0
1068,6.29984300333241,-2.920755313113826,0.0
1069,6.624411269313586,-7.723804713405826,1.0
1070,7.862478495280305,-3.3965921062135656,0.0
1071,6.1315240434286284,-9.250602926353462,1.0
1072,-9.070322959904457,1.9539558387261267,2.0
1073,7.235315939683215,-1.9705466974068053,0.0
1074,7.4112511103907535,-10.030641207460057,1.0
1075,1.7618943101745992,-0.7162204919868296,3.0
1076,9.048628313273118,-1.4627265714381243,0.0
1077,7.072317753158187,-8.313992636551108,1.0
1078,7.379715922715266,-3.247874217537281,0.0
1079,7.621558696255451,-9.384219355274874,1.0
1080,-7.164454657872326,1.5602156905104634,2.0
1081,8.143755314907454,-3.4247634597603156,0.0
1082,1.9480068622577018,-2.253801469927029,3.0
1083,5.349879530404109,-9.9644685818588,1.0
1084,1.926861584542959,-2.3639998342174757,3.0
1085,8.237600961713964,-3.585260355640717,0.0
1086,1.8737563566854334,-2.306173425685574,3.0
1087,1.3453057543713736,-2.1462220758589607,3.0
1088,-7.381180419710002,1.893174302556846,2.0
1089,6.017715981662884,-9.310623635328644,1.0
1090,-0.08604354894994981,-1.226810314891852,3.0
1091,5.943181878207849,-3.5003062087349557,0.0
1092,6.561776696095425,-9.504645794475215,1.0
1093,-0.41357778021343616,-2.1061230691297914,3.0
1094,4.8010321265552856,-9.981010292312828,1.0
1095,0.49765967505866376,-2.771841301640234,3.0
1096,0.6657689279366394,-2.2844784025303166,3.0
1097,-7.6026625950299636,3.0559867662545024,2.0
1098,7.249166073141792,-9.829997164048473,1.0
1099,-0.043403016954835505,-0.875626998474539,3.0
1100,7.439313142711211,-5.070505646515429,0.0
1101,-7.870537067774971,4.9772223592827185,2.0
1102,-6.8615553732592565,1.502112266560346,2.0
1103,8.067045938389569,-5.054333241235556,0.0
1104,6.298636304867076,-2.735072341377685,0.0
1105,1.4540396136911642,-1.381712716886041,3.0
1106,-7.641749761902005,2.8095279435213,2.0
1107,4.565828626179128,-9.544904424788827,1.0
1108,9.385617317352683,-3.9549132636378794,0.0
1109,1.7547063061048427,-0.7131059329596962,3.0
1110,5.948932554633333,-10.476421527777738,1.0
1111,8.003378394994725,-7.990509086393602,1.0
1112,9.948793355122678,-3.344210587219762,0.0
1113,-7.601134619896737,1.2191401199218124,2.0
1114,7.305978558733646,-4.271423654811882,0.0
1115,7.726174907470167,-3.583490601177099,0.0
1116,-6.011943411301571,1.7935351769864376,2.0
1117,1.1544337677883267,-2.293507136205192,3.0
1118,-0.6473727608493154,-1.2060954174651366,3.0
1119,-8.946978411542982,0.9989563480849094,2.0
1120,-0.12561443446991238,-2.728618117040588,3.0
1121,6.7237642891415526,-8.065103110786932,1.0
1122,5.580160579151138,-10.18241731900925,1.0
1123,0.5589681720243345,-2.1716196155710144,3.0
1124,6.436335196452236,-6.927075968343805,1.0
1125,7.316595984910204,-2.5671815381972696,0.0
1126,-8.095136613011617,2.2417385086602772,2.0
1127,8.304131453209605,-4.37505188079472,0.0
1128,0.636436361639336,-1.9853224988316154,3.0
1129,-7.79518544029088,0.6883724105522506,2.0
1130,4.434103527699534,-7.948978864768582,1.0
1131,-5.668976746858657,2.0892756795631455,2.0
1132,0.503866819505751,-2.3551852455022693,3.0
1133,0.6905740238394097,-1.1893157698142056,3.0
1134,1.1264040865571163,-1.1799731269037816,3.0
1135,2.223316288188837,0.27146794695192256,3.0
1136,7.716137993515037,-7.519038059182985,1.0
1137,6.724526269806171,-4.290919142304382,0.0
1138,6.709876172380101,-2.959558287776315,0.0
1139,-9.31474108377892,1.2956074674238063,2.0
1140,0.839044808963178,-3.150782819348822,3.0
1141,6.909639407445494,-11.003296043377468,1.0
1142,9.061841166773974,-4.288406076426938,0.0
1143,6.364993779308458,-8.40613006745865,1.0
1144,5.277542761635351,-8.305292617103545,1.0
1145,1.7559373906617535,-0.678880656770893,3.0
1146,5.724879631914062,-3.186540825996196,0.0
1147,0.01763106300363415,0.6344341493913546,3.0
1148,6.90388676422206,-4.433231249529919,0.0
1149,7.137705491598335,-9.058539859924574,1.0
1150,7.332511806330062,-2.7493276327433,0.0
1151,7.481698304286416,-2.964036320916158,0.0
1152,6.9777471165716145,-10.226686890284975,1.0
1153,7.324412684338155,-4.285706325848764,0.0
1154,0.5950780099988607,-2.8908437558449247,3.0
1155,8.21257359309109,-5.059323481680395,0.0
1156,0.21132093483521025,-0.4716282652028847,3.0
1157,8.481425360596564,-2.3339639099593192,0.0
1158,6.478769258956524,-8.446994079804425,1.0
1159,-8.260586205865321,2.5943696316287346,2.0
1160,-7.324844446483004,2.2209912242783645,2.0
1161,5.77813921294922,-7.740473834615475,1.0
1162,5.155927395103523,-10.581791327061644,1.0
1163,-6.211132192033959,1.9308054938525578,2.0
1164,5.627394275479875,-10.463155333761762,1.0
1165,5.695608340006997,-8.77243928469352,1.0
1166,7.477215108306507,-3.7698876809690733,0.0
1167,-7.422090212638792,1.4387609808979422,2.0
1168,9.015679099451614,-3.560279448781297,0.0
1169,-7.323354704021878,1.6271553347976975,2.0
1170,9.611611475670689,-4.107628753617232,0.0
1171,1.4196396727630858,-1.706273593948995,3.0
1172,-8.038672880483594,1.7735153433876985,2.0
1173,7.130694546091443,-3.1413835774018066,0.0
1174,10.30762937624425,-5.773626450104185,0.0
1175,8.68978884637824,-2.7044694398212803,0.0
1176,8.790725887405413,-3.180279074762315,0.0
1177,-6.629568088119049,1.7468082523318793,2.0
1178,-8.804224241264846,2.150557375528142,2.0
1179,7.291117763535549,-2.5753502356918916,0.0
1180,1.1024881961948019,-1.6058829980965827,3.0
1181,8.984266754691864,-4.874497122606671,0.0
1182,-8.044342646170202,3.9679401742977674,2.0
1183,6.109547061812507,-8.233551720465247,1.0
1184,6.739915033150546,-8.714383748371109,1.0
1185,7.698101118037028,-4.353361748683052,0.0
1186,-7.4810754526800824,1.1899034775639792,2.0
1187,-1.5154700253484235,-1.2814699798305411,3.0
1188,-7.19479015560851,2.3847405434397526,2.0
1189,6.74905022045542,-8.722129390008215,1.0
1190,-0.5540187507848118,-0.2566097948978334,3.0
1191,7.295732152269862,-4.3939237933724185,0.0
1192,5.473278059324606,-11.388902396321566,1.0
1193,2.3747029272957967,-0.21486232980092224,3.0
1194,9.460927112008653,-4.340260910143293,0.0
1195,7.4682902706214875,-9.301518330249577,1.0
1196,8.491428371887958,-2.5497488905503856,0.0
1197,0.870462091027715,-0.8511907228735086,3.0
1198,6.759172731953058,-10.354886614909095,1.0
1199,5.53672015086086,-10.466010775996107,1.0
1200,6.521584892513813,-8.308722692466722,1.0
1201,0.004528374955623082,-1.4087653217054388,3.0
1202,1.4247999877449558,-1.3170159147676164,3.0
1203,6.497452355405583,-10.251070787321845,1.0
1204,8.601073711104508,-2.5461716743375025,0.0
1205,0.05135498835709851,-1.3971747485341488,3.0
1206,2.32291208646335,-1.0447900815103996,3.0
1207,-6.930635913559223,2.9516601972228758,2.0
1208,-8.223108491245373,1.9279682846092108,2.0
1209,7.908753973060417,-3.579991148179259,0.0
1210,-8.460731253302757,2.6479279205562998,2.0
1211,-0.2732330977010534,-1.5986149185849947,3.0
1212,1.0282754956961322,-1.7548767489916806,3.0
1213,7.817119005690944,-2.914703780844461,0.0
1214,6.10082829515296,-3.7601806026519524,0.0
1215,5.58431591451725,-9.170036101793173,1.0
1216,-9.248600813055837,0.10934726748555845,2.0
1217,-0.9332122826417848,0.4956420475625647,3.0
1218,8.931887789626172,-4.349314480795287,0.0
1219,-7.484893667572204,3.1815563918644862,2.0
1220,8.221976698631766,-3.1727176709724896,0.0
1221,8.917205193787483,-2.6911643338868783,0.0
1222,7.539959699640676,-1.516308303979148,0.0
1223,7.414227255506254,-3.973496305823386,0.0
1224,-8.654313921642986,1.6325843602085268,2.0
1225,0.6248928409837219,-0.8685027172945112,3.0
1226,-8.633988704826226,2.0020847759195086,2.0
1227,7.927562372507492,-2.9085821079164496,0.0
1228,-0.7355938683317702,-2.06612518412886,3.0
1229,8.549696134247625,-2.3990705682669127,0.0
1230,6.0091077060331015,-10.103471431555173,1.0
1231,0.38685218033471,-1.1907248868951141,3.0
1232,-8.261479694238439,2.096190530656004,2.0
1233,-7.434078632537694,1.1881971023518223,2.0
1234,2.0078588074044377,-1.7068757909144963,3.0
1235,7.352936046207163,-2.3078939603676707,0.0
1236,7.676139729007058,-2.9337310704965236,0.0
1237,7.433326248280016,-10.758046591157337,1.0
1238,7.976140109736482,-2.7219136154564927,0.0
1239,-8.219190039800054,3.054516334508194,2.0
1240,0.7287557190332453,-3.2751029564957763,3.0
1241,9.359988559857705,-3.955863612955945,0.0
1242,4.022484210057115,-8.736411612728997,1.0
1243,7.31389907969945,-3.484198574654435,0.0
1244,1.5024018085043918,-2.0766631769897663,3.0
1245,1.4123886417621052,-1.9069020193347272,3.0
1246,8.951122803038421,-3.5784205927208306,0.0
1247,-0.2966491433874028,-1.8494187137930769,3.0
1248,7.908225451489398,-3.28426247585128,0.0
1249,-1.6071424261605434,-1.1972619268697473,3.0
1250,7.174476111602738,-9.027489632362878,1.0
1251,0.511996382150484,-1.492669710213567,3.0
1252,6.701040280226485,-10.956748774841614,1.0
1253,-6.691596907022451,2.4397576307308895,2.0
1254,-8.0266304373513,2.315361039390374,2.0
1255,0.8993131495074498,-3.1442908038605815,3.0
1256,7.1231056533059,-9.145182733177586,1.0
1257,-0.17805881368289855,-1.502136389939894,3.0
1258,9.404234826997552,-2.7857342035343082,0.0
1259,6.944898391320899,-2.118692902711025,0.0
1260,1.3655963071688408,-0.7245101404582956,3.0
1261,-8.281540932469103,2.899354483642751,2.0
1262,-0.7897140035435017,-0.854523329903845,3.0
1263,7.597077719557257,-10.530489206839196,1.0
1264,-7.76492493291722,2.317283872170187,2.0
1265,8.448280761973967,-3.559740791682896,0.0
1266,6.229271493621199,-9.012048545666948,1.0
1267,-6.486195589064356,1.30837426586891,2.0
1268,-9.782949311761675,2.771410116124337,2.0
1269,-8.344610809286356,0.5783544335137578,2.0
1270,7.462812480328806,-10.58108335730231,1.0
1271,-0.33549433419288255,-2.040748475759882,3.0
1272,1.8063066656339262,-2.7005384871501574,3.0
1273,8.908299822436133,-2.672557312998789,0.0
1274,2.128724587845775,-1.413733330512897,3.0
1275,0.7186041810146855,-2.705991121305675,3.0
1276,7.93333064093537,-3.5155320525350673,0.0
1277,7.633628255244127,-4.318688557130708,0.0
1278,0.37754806672471675,-0.21728447803893758,3.0
1279,7.815475628256696,-9.27011257809547,1.0
1280,-1.3476011964443988,-2.6819034015642016,3.0
1281,6.6346273127334605,-2.5375912989046965,0.0
1282,-9.478147001897787,1.2868790174227245,2.0
1283,-8.562159932106287,2.498389477540331,2.0
1284,5.70117900386702,-8.908490799904316,1.0
1285,-7.7396035207561065,1.8121054868114859,2.0
1286,8.05274122265778,-2.447772059449036,0.0
1287,-7.667852470733612,2.9782236555867314,2.0
1288,-9.032667316251494,-0.20411743064830512,2.0
1289,5.493710622437744,-9.21374925616984,1.0
1290,7.0975403554940595,-9.417569208726341,1.0
1291,-7.0055921477349115,0.31809165012164375,2.0
1292,-7.196816536550383,1.1850939798780846,2.0
1293,-8.899002619023445,3.084560580912365,2.0
1294,7.213463836249133,-8.011361792089009,1.0
1295,1.5643696152250661,-0.9193525471192854,3.0
1296,4.277060680914612,-8.898591533662339,1.0
1297,6.889065392403833,-3.1933371633199465,0.0
1298,-9.04041512617792,2.501983824588039,2.0
1299,5.652762036727827,-10.18698377479788,1.0
1300,-0.42439910693773375,-2.313638661263837,3.0
1301,0.5569821618531619,-1.6858352308494209,3.0
1302,0.38885183392201284,-2.6255653007789155,3.0
1303,7.765887005441533,-3.2992307432406953,0.0
1304,6.664012352498435,-4.232159831786663,0.0
1305,8.148065966223687,-10.167965936295962,1.0
1306,7.9620527179676035,-8.411502342424459,1.0
1307,2.189534839980098,-2.8925188854579855,3.0
1308,5.940350837277187,-8.480613453047765,1.0
1309,-0.38825454823975514,-2.366300529809994,3.0
1310,-7.349306197994251,1.1745844214451697,2.0
1311,0.04367358393664689,-1.8809521198193362,3.0
1312,7.193669141218146,-3.7941403778752023,0.0
1313,6.909855553382449,-8.20657250608908,1.0
1314,8.478382264863036,-4.580731089137653,0.0
1315,7.0722669423835125,-3.608766153424011,0.0
1316,7.742332294024304,-3.0335315167039534,0.0
1317,0.9753257289925042,-1.8718362271312716,3.0
1318,8.662995921566475,-3.984251451958005,0.0
1319,0.43994455332282356,-2.805323812026441,3.0
1320,-8.549585962773017,0.9667731207562295,2.0
1321,-10.219194795968596,0.871404564751324,2.0
1322,-7.023156240259138,0.91260704983795,2.0
1323,-8.698303680117043,2.41990880022102,2.0
1324,2.8604175956294133,-1.2243323171479896,3.0
1325,-7.654493980324159,1.0543104610963427,2.0
1326,7.759575465800918,-7.3679876173470245,1.0
1327,6.861783204348583,-3.4745310537258405,0.0
1328,6.980311959190001,-9.659214471595245,1.0
1329,-8.304012988601151,2.602403196977687,2.0
1330,6.792325485186155,-7.946154848316096,1.0
1331,1.7517997218823627,-3.1637123950638775,3.0
1332,-7.455541565576519,3.0922109200185774,2.0
1333,8.774549893650624,-4.482916178693671,0.0
1334,-7.103873634248377,3.420657966760637,2.0
1335,-6.523721692043252,3.3363331398500486,2.0
1336,6.43744710089587,-9.30850697936987,1.0
1337,-7.935517771700452,0.9588396613714624,2.0
1338,-0.024980009345493825,-1.6790982224541644,3.0
1339,-7.118909577135966,3.015773853483105,2.0
1340,-7.513001927767695,2.517548278912003,2.0
1341,6.368262530603769,-8.901335001641009,1.0
1342,8.808404283854472,-2.918506506845295,0.0
1343,1.710665352360383,-2.1171194290960242,3.0
1344,-7.101483678558636,1.719732315455969,2.0
1345,1.4752852358254762,-0.4397699623684346,3.0
1346,6.682663204132404,-9.42734687616799,1.0
1347,6.765673913359064,-8.25301347378264,1.0
1348,9.227384552004903,-2.2607505540809827,0.0
1349,-8.108051680249428,1.813540139577916,2.0
1350,9.340768247853077,-1.921619924122002,0.0
1351,-0.03732062448012374,-2.0379632366204268,3.0
1352,6.911774221785396,-2.269117421762411,0.0
1353,1.3562299099023858,-2.031366802168744,3.0
1354,-7.121467964545447,2.367868808987797,2.0
1355,8.263849952210018,-4.142148446835504,0.0
1356,0.33848288602360926,-0.3856254551531728,3.0
1357,7.077050890097137,-2.4047943034229813,0.0
1358,7.94799999265982,-3.0901373049546996,0.0
1359,8.380148381995566,-3.952280375113115,0.0
1360,-9.156525176784182,0.29125911469296084,2.0
1361,9.245221002210027,-3.949716632374695,0.0
1362,5.031020147263223,-3.361267010653955,0.0
1363,-7.938352511062941,-0.929017694487817,2.0
1364,0.5445271175933742,-2.48931929191319,3.0
1365,-8.661649670524431,2.236545871605209,2.0
1366,6.006265857825953,-0.9303461820250609,0.0
1367,-6.748137841268512,2.367565007816247,2.0
1368,-0.2377069732215371,-0.760230769938989,3.0
1369,-6.428632201515345,1.7478162099089931,2.0
1370,7.596492264929243,-10.829526064011226,1.0
1371,6.728728113213338,-9.05325673090175,1.0
1372,-8.381672425836939,3.814297228036933,2.0
1373,-6.865088861115748,2.17869035619081,2.0
1374,-6.3363396306823905,1.5979994014086691,2.0
1375,-8.93801137566943,1.6289816629647982,2.0
1376,0.7962060369503839,-2.4910356463003174,3.0
1377,-0.48355942972875665,-1.6942122027631386,3.0
1378,6.672786170125294,-3.8885770718548143,0.0
1379,-8.76089265622729,1.4394783137852818,2.0
1380,-7.54408296300379,1.2548910468352419,2.0
1381,7.5589856799226895,-10.538487979431952,1.0
1382,-7.483289196345844,3.175296645658572,2.0
1383,7.94841073642918,-10.238510372573128,1.0
1384,-7.181566685193532,1.5737044868773893,2.0
1385,7.3104305932295315,-9.744532572471941,1.0
1386,-5.84570706713799,0.5772149029671292,2.0
1387,5.883155051586807,-9.062272905616068,1.0
1388,7.821013262925473,-3.4512508798170844,0.0
1389,8.008140843875701,-3.876616253058309,0.0
1390,5.837369403629403,-10.68869853903707,1.0
1391,-7.379171894999447,1.1431182435797143,2.0
1392,-0.7718133904778288,-1.2759115599393702,3.0
1393,-7.474412548612657,3.1884131918357284,2.0
1394,8.047235056893296,-2.9549216534399796,0.0
1395,-6.3918676199090685,0.6917904448481276,2.0
1396,-0.944904516153394,-2.7964427451227767,3.0
1397,-9.265486482392937,2.8216787761045232,2.0
1398,-8.045633161763249,2.2050579315999026,2.0
1399,-8.750666088554809,0.3566820138775879,2.0
1400,1.2963124611810355,-1.331509659911438,3.0
1401,6.7733607403271705,-9.953848333924295,1.0
1402,1.5275704634158922,-2.0522635987245814,3.0
1403,7.436923957050551,-7.557097110440797,1.0
1404,-8.592925199896472,1.7052834021948484,2.0
1405,-0.37346001536739937,-1.5119969226630439,3.0
1406,-7.317127975791459,2.783788424139055,2.0
1407,5.578759701015708,-10.015452957731828,1.0
1408,-1.4162510272521178,-2.106952070971483,3.0
1409,-6.074474988224206,1.844651196111083,2.0
1410,8.212011637692367,-1.5478135801664294,0.0
1411,-0.566655592537946,-0.752561234682579,3.0
1412,8.469097444541028,-3.6302479576467075,0.0
1413,7.232371194402046,-3.778041260501913,0.0
1414,5.429016573946711,-7.803774284190752,1.0
1415,-9.285273757972405,1.7465707994651254,2.0
1416,1.8493151192312638,-2.704465871978809,3.0
1417,1.9323537573870821,-1.187913167229517,3.0
1418,3.2103513600442257,-2.3424594262470517,3.0
1419,-0.1738053454887628,-0.2933310080603684,3.0
1420,2.29149979751681,-2.261575585103844,3.0
1421,8.085884015346956,-3.9286470706091494,0.0
1422,7.879506190011399,-3.520722271568053,0.0
1423,7.944690186885611,-3.6536920368689176,0.0
1424,1.7295399095845256,-2.418134654741403,3.0
1425,0.3542413622513829,-2.816802215884489,3.0
1426,7.30394653090671,-3.7343147638547602,0.0
1427,5.745516547058999,-9.80006227218584,1.0
1428,1.9142810842574058,-1.2663439982554936,3.0
1429,8.18334445246708,-4.624890756958191,0.0
1430,7.271753450304399,-9.362859434026664,1.0
1431,0.7572989075520635,-2.2784826663762927,3.0
1432,5.770047807775563,-10.03795591940703,1.0
1433,7.712400671603994,-9.746237601366461,1.0
1434,7.438992913592236,-10.298205144294654,1.0
1435,6.805024303388,-9.6609879099303,1.0
1436,-9.134948395935277,1.9669014769673527,2.0
1437,-8.535794468431465,1.9972008996171262,2.0
1438,-8.120619182676535,1.712848526259385,2.0
1439,6.710511595267823,-9.08074301522928,1.0
1440,5.784291873316367,-8.75747226303133,1.0
1441,-8.944582506623322,3.3261733414470105,2.0
1442,5.42882906171881,-8.207293920329187,1.0
1443,-8.545082386538613,1.3282701159271348,2.0
1444,-6.182233194295873,0.7013911100866022,2.0
1445,2.120066067022426,-1.3245255899961679,3.0
1446,7.641649975620921,-8.53118429132487,1.0
1447,-0.8522292791287343,-1.8095110377567671,3.0
1448,0.6875713192893512,-2.6027048512074886,3.0
1449,6.774490646904424,-8.98490696252444,1.0
1450,4.041660700075612,-8.281667921760986,1.0
1451,-1.0289347635135757,-0.5497656009058802,3.0
1452,7.184080807811574,-2.456489358576125,0.0
1453,1.2423041389259333,-1.5946761736500816,3.0
1454,4.852964951028199,-7.449202880745748,1.0
1455,8.528128707534828,-3.853909092221571,0.0
1456,0.35973559944627176,-1.9438905087760225,3.0
1457,-7.865110223387234,3.400049786202085,2.0
1458,-0.223313707598645,-2.0087334955997815,3.0
1459,7.117890058298033,-9.575943298543493,1.0
1460,-7.192650396408158,2.0476367382012044,2.0
1461,-8.356475091160528,2.8153871362608607,2.0
1462,7.701800143204663,-2.106477694894825,0.0
1463,-8.301839564524716,2.7290336360820184,2.0
1464,6.257765324814289,-9.375564503757756,1.0
1465,5.0080848730105645,-8.579642803309246,1.0
1466,4.600175933657057,-9.95761490829005,1.0
1467,-5.0846365182177475,1.200792621208138,2.0
1468,-8.683405964094765,1.5027199635257535,2.0
1469,9.516168390081873,-3.675060874772861,0.0
1470,3.8246265126762955,-1.4134569872122333,3.0
1471,7.181490654076559,-1.5757281857664402,0.0
1472,7.010402180540469,-3.7478380105218223,0.0
1473,8.362447705766936,-2.544081015244338,0.0
1474,-8.492977064108356,1.2352908314060527,2.0
1475,0.14388718324159994,-1.2400369158752602,3.0
1476,-8.262063557843632,1.395752645516679,2.0
1477,0.038184478733181426,-0.34289356579295216,3.0
1478,8.995269431150044,-3.645975745105626,0.0
1479,7.560004720038824,-4.304063650566071,0.0
1480,-8.027260148115023,1.3054144121837865,2.0
1481,-6.300073375304836,2.2799696893025665,2.0
1482,0.6200019736527229,0.20289039299648026,3.0
1483,5.96734563866904,-9.185057707537371,1.0
1484,8.144082327184723,-3.308544201252173,0.0
1485,9.421692688302807,-2.6476987994411703,0.0
1486,-6.630547552774995,1.4417795902662323,2.0
1487,4.610004931422536,-7.627897239464685,1.0
1488,7.881107868374801,-3.03549656183473,0.0
1489,7.4250625104539285,-8.582097240658996,1.0
1490,-6.20129399439385,1.0071285502792109,2.0
1491,9.093521971559717,-5.708044919801841,0.0
1492,-0.4080414281432565,-0.8036211364354426,3.0
1493,2.068264061640873,-2.6390206873441975,3.0
1494,5.910859419771393,-8.83159362415232,1.0
1495,-0.5027390007112753,-0.5104083564496902,3.0
1496,-0.2977083725777707,-3.2879536912352822,3.0
1497,0.6513486040771902,-0.1375681033770375,3.0
1498,7.281651969844572,-9.28615457981328,1.0
1499,-7.564643772747738,2.969762861646208,2.0
